{"cameraMode":{"drawMode":0,"name":"Shaded","section":"Shading Mode"},"sceneLighting":false,"audioPlay":false,"sceneViewState":{"m_AlwaysRefresh":false,"showFog":true,"showSkybox":false,"showFlares":true,"showImageEffects":true,"showParticleSystems":true,"showVisualEffectGraphs":true,"m_FxEnabled":true},"in2DMode":false,"pivot":{"x":0.000004231929779052734,"y":0.6183441877365112,"z":-0.19429242610931397},"rotation":{"x":-0.08292703330516815,"y":-0.8948600888252258,"z":0.3967360258102417,"w":-0.18707187473773957},"size":0.8485679626464844,"orthographic":false}