{"cameraMode":{"drawMode":0,"name":"Shaded","section":"Shading Mode"},"sceneLighting":false,"audioPlay":false,"sceneViewState":{"m_AlwaysRefresh":false,"showFog":true,"showSkybox":false,"showFlares":true,"showImageEffects":true,"showParticleSystems":true,"showVisualEffectGraphs":true,"m_FxEnabled":true},"in2DMode":false,"pivot":{"x":-8.940696716308594e-8,"y":0.5474259257316589,"z":-0.05839237570762634},"rotation":{"x":-0.08292703330516815,"y":-0.8948600888252258,"z":0.3967360258102417,"w":-0.18707187473773957},"size":0.6684612035751343,"orthographic":false}