{"cameraMode":{"drawMode":0,"name":"Shaded","section":"Shading Mode"},"sceneLighting":false,"audioPlay":false,"sceneViewState":{"m_AlwaysRefresh":false,"showFog":true,"showSkybox":false,"showFlares":true,"showImageEffects":true,"showParticleSystems":true,"showVisualEffectGraphs":true,"m_FxEnabled":true},"in2DMode":false,"pivot":{"x":0.2744191288948059,"y":0.4237934947013855,"z":-0.1710014045238495},"rotation":{"x":0.08039571344852448,"y":-0.9183810353279114,"z":0.29803696274757388,"w":0.24766847491264344},"size":0.3356676399707794,"orthographic":false}