{"cameraMode":{"drawMode":0,"name":"Shaded","section":"Shading Mode"},"sceneLighting":false,"audioPlay":false,"sceneViewState":{"m_AlwaysRefresh":false,"showFog":true,"showSkybox":false,"showFlares":true,"showImageEffects":true,"showParticleSystems":true,"showVisualEffectGraphs":true,"m_FxEnabled":true},"in2DMode":false,"pivot":{"x":0.000004231929779052734,"y":0.6183441877365112,"z":-0.19429242610931397},"rotation":{"x":-0.06745827198028565,"y":-0.6741920709609985,"z":0.06208644062280655,"w":-0.732878565788269},"size":0.8485679626464844,"orthographic":false}