{"cameraMode":{"drawMode":0,"name":"Shaded","section":"Shading Mode"},"sceneLighting":false,"audioPlay":false,"sceneViewState":{"m_AlwaysRefresh":false,"showFog":true,"showSkybox":false,"showFlares":true,"showImageEffects":true,"showParticleSystems":true,"showVisualEffectGraphs":true,"m_FxEnabled":true},"in2DMode":false,"pivot":{"x":-0.1597057282924652,"y":-0.07617072761058808,"z":-0.000003129243850708008},"rotation":{"x":0.0661684200167656,"y":-0.8618236780166626,"z":0.48922961950302126,"w":0.11654617637395859},"size":0.34929153323173525,"orthographic":false}