{"cameraMode":{"drawMode":0,"name":"Shaded","section":"Shading Mode"},"sceneLighting":false,"audioPlay":false,"sceneViewState":{"m_AlwaysRefresh":false,"showFog":true,"showSkybox":false,"showFlares":true,"showImageEffects":true,"showParticleSystems":true,"showVisualEffectGraphs":true,"m_FxEnabled":true},"in2DMode":false,"pivot":{"x":-0.0037351250648498537,"y":-0.15044504404067994,"z":0.07901003956794739},"rotation":{"x":-0.06745827198028565,"y":-0.6741920709609985,"z":0.06208644062280655,"w":-0.732878565788269},"size":0.584366500377655,"orthographic":false}