{"cameraMode":{"drawMode":0,"name":"Shaded","section":"Shading Mode"},"sceneLighting":false,"audioPlay":false,"sceneViewState":{"m_AlwaysRefresh":false,"showFog":true,"showSkybox":false,"showFlares":true,"showImageEffects":true,"showParticleSystems":true,"showVisualEffectGraphs":true,"m_FxEnabled":true},"in2DMode":false,"pivot":{"x":0.000004231929779052734,"y":0.6183443069458008,"z":-0.1904902160167694},"rotation":{"x":0.0661684200167656,"y":-0.8618236780166626,"z":0.48922961950302126,"w":0.11654617637395859},"size":0.8501657843589783,"orthographic":false}