{"cameraMode":{"drawMode":0,"name":"Shaded","section":"Shading Mode"},"sceneLighting":false,"audioPlay":false,"sceneViewState":{"m_AlwaysRefresh":false,"showFog":true,"showSkybox":false,"showFlares":true,"showImageEffects":true,"showParticleSystems":true,"showVisualEffectGraphs":true,"m_FxEnabled":true},"in2DMode":false,"pivot":{"x":-4.773712158203125,"y":0.040813904255628589,"z":0.061843741685152057},"rotation":{"x":-0.00895366258919239,"y":0.9885175824165344,"z":-0.13608871400356294,"w":-0.06503722816705704},"size":1.6395432949066163,"orthographic":false}