{"cameraMode":{"drawMode":0,"name":"Shaded","section":"Shading Mode"},"sceneLighting":false,"audioPlay":false,"sceneViewState":{"m_AlwaysRefresh":false,"showFog":true,"showSkybox":false,"showFlares":true,"showImageEffects":true,"showParticleSystems":true,"showVisualEffectGraphs":true,"m_FxEnabled":true},"in2DMode":false,"pivot":{"x":20.17692756652832,"y":0.6999998092651367,"z":0.9374299049377441},"rotation":{"x":0.0073829758912324909,"y":-0.9176560640335083,"z":0.3969975411891937,"w":0.017077527940273286},"size":2.872281551361084,"orthographic":false}